"IT_DATETIME","DS_CODE","DS_NAME","DS_DESC","DS_LAT","DS_LON","DS_ALT","REN1.RD","REN1.Q_RD","REH1.Q24","REH1.Q_Q24","REH1.PG","REH1.Q_PG","REH1.TX","REH1.Q_TX","REH1.UG","REH1.Q_UG","REH1.TG","REH1.Q_TG","REH1.TN","REH1.Q_TN"
"19900130_240000_000000","168_H","Epen","Termijnstation","50.763889","5.906111","155",,,,,,,"10.6",,"68",,"8.7",,"5.8",
"19900130_240000_000000","170_H","Oost-Maarland","Termijnstation","50.793889","5.715278","500",,,,,,,"11.6",,"70",,"9.1",,"6.1",
"19900131_240000_000000","168_H","Epen","Termijnstation","50.763889","5.906111","155",,,,,,,"12.1",,"56",,"10.8",,"9.9",
"19900131_240000_000000","170_H","Oost-Maarland","Termijnstation","50.793889","5.715278","500",,,,,,,"12.9",,"56",,"11.7",,"10.2",
"19900201_240000_000000","168_H","Epen","Termijnstation","50.763889","5.906111","155",,,,,,,"10.8",,"65",,"8.8",,"7.8",
"19900201_240000_000000","170_H","Oost-Maarland","Termijnstation","50.793889","5.715278","500",,,,,,,"11.3",,"65",,"9.4",,"8.4",
"19900202_240000_000000","168_H","Epen","Termijnstation","50.763889","5.906111","155",,,,,,,"9.5",,"65",,"7.7",,"5.8",
"19900202_240000_000000","170_H","Oost-Maarland","Termijnstation","50.793889","5.715278","500",,,,,,,"9.7",,"64",,"8.1",,"7.2",
"19900203_240000_000000","168_H","Epen","Termijnstation","50.763889","5.906111","155",,,,,,,"13.5",,"68",,"8.3",,"5.8",
"19900203_240000_000000","170_H","Oost-Maarland","Termijnstation","50.793889","5.715278","500",,,,,,,"14.2",,"68",,"8.7",,"6.4",
"19900204_240000_000000","168_H","Epen","Termijnstation","50.763889","5.906111","155",,,,,,,"9.7",,"69",,"7.0",,"4.7",
"19900204_240000_000000","170_H","Oost-Maarland","Termijnstation","50.793889","5.715278","500",,,,,,,"10.4",,"74",,"7.2",,"4.9",
"19900205_240000_000000","168_H","Epen","Termijnstation","50.763889","5.906111","155",,,,,,,"14.8",,"52",,"9.1",,"5.3",
"19900205_240000_000000","170_H","Oost-Maarland","Termijnstation","50.793889","5.715278","500",,,,,,,"14.9",,"64",,"8.3",,"2.5",
"19900206_240000_000000","168_H","Epen","Termijnstation","50.763889","5.906111","155",,,,,,,"13.9",,"62",,"9.8",,"1.7",
"19900206_240000_000000","170_H","Oost-Maarland","Termijnstation","50.793889","5.715278","500",,,,,,,"14.5",,"64",,"10.4",,"1.1",
"19900207_240000_000000","168_H","Epen","Termijnstation","50.763889","5.906111","155",,,,,,,"14.1",,"63",,"11.6",,"8.5",
"19900207_240000_000000","170_H","Oost-Maarland","Termijnstation","50.793889","5.715278","500",,,,,,,"14.4",,"65",,"12.0",,"9.3",
"19900208_240000_000000","168_H","Epen","Termijnstation","50.763889","5.906111","155",,,,,,,"15.4",,"67",,"9.6",,"6.0",
"19900208_240000_000000","170_H","Oost-Maarland","Termijnstation","50.793889","5.715278","500",,,,,,,"15.1",,"68",,"9.9",,"6.0",
"19900209_240000_000000","168_H","Epen","Termijnstation","50.763889","5.906111","155",,,,,,,"9.2",,"78",,"5.7",,"3.1",
"19900209_240000_000000","170_H","Oost-Maarland","Termijnstation","50.793889","5.715278","500",,,,,,,"9.9",,"76",,"6.3",,"3.9",
"19900210_240000_000000","168_H","Epen","Termijnstation","50.763889","5.906111","155",,,,,,,"10.6",,"69",,"6.2",,"1.2",
"19900210_240000_000000","170_H","Oost-Maarland","Termijnstation","50.793889","5.715278","500",,,,,,,"11.2",,"76",,"6.6",,"1.7",
"19900211_240000_000000","168_H","Epen","Termijnstation","50.763889","5.906111","155",,,,,,,"7.5",,"68",,"5.4",,"3.8",
"19900211_240000_000000","170_H","Oost-Maarland","Termijnstation","50.793889","5.715278","500",,,,,,,"8.3",,"71",,"5.8",,"4.3",
"19900212_240000_000000","168_H","Epen","Termijnstation","50.763889","5.906111","155",,,,,,,"6.5",,"72",,"4.3",,"0.8",
"19900212_240000_000000","170_H","Oost-Maarland","Termijnstation","50.793889","5.715278","500",,,,,,,"7.1",,"75",,"4.5",,"1.3",
"19900213_240000_000000","168_H","Epen","Termijnstation","50.763889","5.906111","155",,,,,,,"10.5",,"83",,"4.3",,"0.7",
"19900213_240000_000000","170_H","Oost-Maarland","Termijnstation","50.793889","5.715278","500",,,,,,,"11.6",,"82",,"4.7",,"1.0",
"19900214_240000_000000","168_H","Epen","Termijnstation","50.763889","5.906111","155",,,,,,,"9.0",,"76",,"5.2",,"2.1",
"19900214_240000_000000","170_H","Oost-Maarland","Termijnstation","50.793889","5.715278","500",,,,,,,"8.5",,"74",,"6.4",,"3.4",
"19900215_240000_000000","168_H","Epen","Termijnstation","50.763889","5.906111","155",,,,,,,"5.5",,"83",,"2.4",,"0.3",
"19900215_240000_000000","170_H","Oost-Maarland","Termijnstation","50.793889","5.715278","500",,,,,,,"6.6",,"82",,"3.3",,"1.0",
"19900216_240000_000000","168_H","Epen","Termijnstation","50.763889","5.906111","155",,,,,,,"6.3",,"80",,"1.6",,"-1.9",
"19900216_240000_000000","170_H","Oost-Maarland","Termijnstation","50.793889","5.715278","500",,,,,,,"6.4",,"78",,"2.0",,"-1.4",
"19900217_240000_000000","168_H","Epen","Termijnstation","50.763889","5.906111","155",,,,,,,"9.8",,"78",,"5.6",,"-2.6",
"19900217_240000_000000","170_H","Oost-Maarland","Termijnstation","50.793889","5.715278","500",,,,,,,"10.1",,"80",,"5.5",,"-1.8",
"19900218_240000_000000","168_H","Epen","Termijnstation","50.763889","5.906111","155",,,,,,,"12.5",,"76",,"10.2",,"7.9",
"19900218_240000_000000","170_H","Oost-Maarland","Termijnstation","50.793889","5.715278","500",,,,,,,"12.8",,"78",,"10.3",,"7.2",
"19900219_240000_000000","168_H","Epen","Termijnstation","50.763889","5.906111","155",,,,,,,"14.0",,"73",,"11.5",,"6.0",
"19900219_240000_000000","170_H","Oost-Maarland","Termijnstation","50.793889","5.715278","500",,,,,,,"14.3",,"74",,"11.6",,"6.0",
"19900220_240000_000000","168_H","Epen","Termijnstation","50.763889","5.906111","155",,,,,,,"18.5",,"67",,"13.6",,"10.3",
"19900220_240000_000000","170_H","Oost-Maarland","Termijnstation","50.793889","5.715278","500",,,,,,,"18.6",,"66",,"14.0",,"7.4",
"19900221_240000_000000","168_H","Epen","Termijnstation","50.763889","5.906111","155",,,,,,,"15.1",,"72",,"9.8",,"3.3",
"19900221_240000_000000","170_H","Oost-Maarland","Termijnstation","50.793889","5.715278","500",,,,,,,"15.3",,"73",,"10.1",,"3.3",
"19900222_240000_000000","168_H","Epen","Termijnstation","50.763889","5.906111","155",,,,,,,"16.0",,"67",,"5.7",,"-0.3",
"19900222_240000_000000","170_H","Oost-Maarland","Termijnstation","50.793889","5.715278","500",,,,,,,"15.9",,"70",,"7.1",,"1.0",
"19900223_240000_000000","168_H","Epen","Termijnstation","50.763889","5.906111","155",,,,,,,"16.0",,"77",,"8.9",,"-0.3",
"19900223_240000_000000","170_H","Oost-Maarland","Termijnstation","50.793889","5.715278","500",,,,,,,"16.6",,"82",,"7.6",,"-0.1",
"19900224_240000_000000","168_H","Epen","Termijnstation","50.763889","5.906111","155",,,,,,,"20.0",,,,,,"5.0",
"19900224_240000_000000","170_H","Oost-Maarland","Termijnstation","50.793889","5.715278","500",,,,,,,"20.4",,,,,,"3.2",
"19900225_240000_000000","168_H","","","","","","","","","","","","","","","","","","",""
"19900225_240000_000000","170_H","","","","","","","","","","","","","","","","","","",""
"19900226_240000_000000","168_H","Epen","Termijnstation","50.763889","5.906111","155",,,,,,,"12.7",,"73",,"8.2",,"0.9",
"19900226_240000_000000","170_H","Oost-Maarland","Termijnstation","50.793889","5.715278","500",,,,,,,"12.9",,"71",,"9.0",,"2.2",
"19900227_240000_000000","168_H","Epen","Termijnstation","50.763889","5.906111","155",,,,,,,"6.9",,"67",,"5.1",,"1.3",
"19900227_240000_000000","170_H","Oost-Maarland","Termijnstation","50.793889","5.715278","500",,,,,,,"8.1",,"68",,"5.8",,"2.5",
"19900228_240000_000000","168_H","Epen","Termijnstation","50.763889","5.906111","155",,,,,,,"11.6",,"75",,"6.7",,"3.9",
"19900228_240000_000000","170_H","Oost-Maarland","Termijnstation","50.793889","5.715278","500",,,,,,,"12.4",,"76",,"7.1",,"4.3",
